{
    "accracy": 0.8614232209737828,
    "params": {
        "n_layers": 1,
        "n_units_l0": 13,
        "dropout_l0": 0.3040311659766948,
        "optimizer": "Adam",
        "lr": 0.0032858112941661325
    }
}