{
    "accracy": 0.8239700374531835,
    "params": {
        "n_layers": 1,
        "n_units_l0": 18,
        "dropout_l0": 0.36809729214207054,
        "optimizer": "SGD",
        "lr": 0.09578218394174955
    }
}